time_sec,frames
35.06666666666667,8416
68.32083333333334,16397
69.65833333333333,16718
71.87916666666666,17251
72.9625,17511
74.2,17808
74.5625,17895
150.56666666666666,36136
152.2625,36543
170.06666666666666,40816
